
INSERT INTO Profile (profile_id, passion, min_monthly_salary, max_monthly_salary, min_age, max_age)
VALUES (1, 'shopping', 7000.00, 14999.00, 18, 23),
	   (2, 'shopping', 7000.00, 14999.00, 24, 32),
	   (3, 'shopping', 7000.00, 14999.00, 32, 75),
	   (4, 'shopping', 15000.00, 34999.00, 18, 23),
	   (5, 'shopping', 15000.00, 34999.00, 24, 32),
	   (6, 'shopping', 15000.00, 34999.00, 33, 75),
	   (7, 'shopping', 35000.00, 49999.00, 18, 23),
	   (8, 'shopping', 35000.00, 49999.00, 24, 75),
	   (9, 'shopping', 50000.00, 99999999999999999.99, 18, 23), -- 99999999999999999.99 es el valor máximo para decimal(19, 2)
	   (10, 'shopping', 50000.00, 99999999999999999.99, 24, 75), -- 99999999999999999.99 es el valor máximo para decimal(19, 2)
	   (11, 'travels', 12000.00, 29999.00, 18, 75),
	   (12, 'travels', 30000.00, 34999.00, 18, 23),
	   (13, 'travels', 30000.00, 34999.00, 24, 75),
	   (14, 'travels', 35000.00, 44999.00, 18, 23),
	   (15, 'travels', 35000.00, 44999.00, 24, 75),
	   (16, 'travels', 50000.00, 99999999999999999.99, 18, 22), -- 99999999999999999.99 es el valor máximo para decimal(19, 2)
	   (17, 'travels', 50000.00, 99999999999999999.99, 23, 75), -- 99999999999999999.99 es el valor máximo para decimal(19, 2)
	   (18, 'help', 12000.00, 99999999999999999.99, 18, 75),   -- 99999999999999999.99 es el valor máximo para decimal(19, 2)
	   (19, 'my business', 7000.00, 99999999999999999.99, 18, 75), -- 99999999999999999.99 es el valor máximo para decimal(19, 2)	   
	   (20, 'sports', 7000.00, 34999.00, 18, 75),
	   (21, 'sports', 35000.00, 99999999999999999.99, 18, 75), -- 99999999999999999.99 es el valor máximo para decimal(19, 2)
	   (22, 'my style', 7000.00, 14999.00, 18, 32),
	   (23, 'my style', 7000.00, 14999.00, 33, 75),
	   (24, 'my style', 15000.00, 29999.00, 18, 23),
	   (25, 'my style', 15000.00, 29999.00, 24, 32),
	   (26, 'my style', 15000.00, 29999.00, 33, 75),
	   (27, 'my style', 30000.00, 34999.00, 18, 23),
	   (28, 'my style', 30000.00, 34999.00, 24, 32),
	   (29, 'my style', 30000.00, 34999.00, 33, 75),
	   (30, 'my style', 35000.00, 9999999999999.99, 18, 23), -- 99999999999999999.99 es el valor máximo para decimal(19, 2)
	   (31, 'my style', 35000.00, 9999999999999.99, 24, 75); -- 99999999999999999.99 es el valor máximo para decimal(19, 2)


INSERT INTO Credit_Card(credit_card_id, type)
VALUES (1, 'APAC'),
	   (2, 'Afinity Card'),
	   (3, 'América Deporteísmo'),
       (4, 'B·smart'),
	   (5, 'Banamex Teletón'),
	   (6, 'Best Buy Banamex'),
	   (7, 'Costco'),
	   (8, 'Classica'),
	   (9, 'Citi/Aadvantage'),
	   (10 , 'La verde Deporteísmo'),
	   (11, 'Martí Clasica Banamex'),
	   (12, 'Martí Premium Citibanamex'),
	   (13, 'Oro'),
	   (14, 'Office Depot'),
	   (15, 'Platinum'),
	   (16, 'Pumas Deporteísmo'),
	   (17, 'The Home Depot'),
	   (18, 'Toluca Deporteísmo');
	   
	   
INSERT INTO Profile_Credit_Card (profile_id, credit_card_id)
VALUES (1, 2), (1, 4),
	   (2, 2), (2, 4), (2, 6), (2, 7), (2, 8), (2, 14), (2, 17),
	   (3, 6), (3, 7), (3, 8), (3, 14), (3, 17),
	   (4, 2), (4, 4),
	   (5, 2), (5, 6), (5, 7), (5, 13), (5, 14), (5, 17),
	   (6, 6), (6, 7), (6, 13), (6, 14), (6, 17),
	   (7, 2), (7, 4),
	   (8, 6), (8, 7), (8, 13), (8, 14), (8, 17),
	   (9, 2), (9, 4),
	   (10, 15),
	   (11, 9),
	   (12, 9),
	   (13, 9), (13, 15),
	   (14, 9),
	   (15, 9), (15, 15),
	   (16, 9),
	   (17, 15),
	   (18, 1), (18, 5),
	   (19, 6), (19, 7), (19, 14), (19, 17),
	   (20, 3), (20, 10), (20, 11), (20, 15), (20, 16), (20, 17), 
	   (21, 12),
	   (22, 2), (22, 4),
	   (23, 4),
	   (24, 2), (24, 4),
	   (25, 2), (25, 4), (25, 13),
	   (26, 13),
	   (27, 2), (27, 4),
	   (28, 2), (28, 4), (28, 15),
	   (29, 15), 
	   (30, 4),
	   (31, 4), (31, 15); 
	   
	   